{
  "index.html": 1697789339000,
  "test/integration/FirstJourney.js": 1697789339000,
  "test/integration/pages/RisksList.js": 1697789339000,
  "test/integration/opaTests.qunit.js": 1697789339000,
  "test/integration/pages/RisksObjectPage.js": 1697789339000,
  "test/testsuite.qunit.js": 1697789339000,
  "xs-app.json": 1698066153190,
  "manifest.json": 1698066153198,
  "Component.js": 1697789339000,
  "test/integration/FirstJourney-dbg.js": 1697789339000,
  "test/integration/FirstJourney.js.map": 1698066161137,
  "test/integration/pages/RisksList-dbg.js": 1697789339000,
  "test/integration/pages/RisksList.js.map": 1698066161133,
  "test/integration/opaTests.qunit-dbg.js": 1697789339000,
  "test/integration/opaTests.qunit.js.map": 1698066161134,
  "test/integration/pages/RisksObjectPage-dbg.js": 1697789339000,
  "test/integration/pages/RisksObjectPage.js.map": 1698066161131,
  "test/testsuite.qunit-dbg.js": 1697789339000,
  "test/testsuite.qunit.js.map": 1698066161157,
  "Component-dbg.js": 1697789339000,
  "Component.js.map": 1698066161135,
  "Component-preload.js": 1698066161239,
  "Component-preload.js.map": 1698066161239,
  "test/integration/opaTests.qunit.html": 1697789339000,
  "test/testsuite.qunit.html": 1697789339000,
  "test/flpSandbox.html": 1697789339000,
  "localService/metadata.xml": 1697789339000,
  "i18n/i18n.properties": 1697789392000
}